message,category,label,urgency,financial_request,personal_info_request,suspicious_link,threat_language,reward_promise,source,sender_type
Your ICICI Bank verification code is 104843. Do not share this code with anyone for security reasons.,safe,0,Yes,No,Yes,No,No,No,SMS,Bank
Use OTP 802416 to complete your login attempt at Bank of America. Valid for 5 minutes.,safe,0,No,No,Yes,No,No,No,Email,Bank
Security Alert: Your one-time passcode for Citi account access is 785747. Never give this code to callers.,safe,0,Yes,No,Yes,No,No,No,SMS,Bank
Hi! Your 6-digit verification code for Slack sign-in is 828555.,safe,0,No,No,Yes,No,No,No,SMS,Company
Use 944644 as your security pin to authorize transaction on Uber. Expires in 10 mins.,safe,0,Yes,No,Yes,No,No,No,Email,Company
"Your single-use password for ICICI Bank portal is 482678. If you did not request this, please change your password.",safe,0,No,No,Yes,No,No,No,SMS,Bank
Your GitHub verification code is 562524. Do not share this code with anyone for security reasons.,safe,0,Yes,No,Yes,No,No,No,Email,Company
Use OTP 903940 to complete your login attempt at GitHub. Valid for 5 minutes.,safe,0,No,No,Yes,No,No,No,SMS,Company
Security Alert: Your one-time passcode for Bank of America account access is 139840. Never give this code to callers.,safe,0,Yes,No,Yes,No,No,No,Email,Bank
Hi! Your 6-digit verification code for Slack sign-in is 226049.,safe,0,No,No,Yes,No,No,No,Email,Company
Use 890705 as your security pin to authorize transaction on Google. Expires in 10 mins.,safe,0,Yes,No,Yes,No,No,No,SMS,Company
"Your single-use password for SBI portal is 351032. If you did not request this, please change your password.",safe,0,No,No,Yes,No,No,No,Email,Bank
Your Apple verification code is 534896. Do not share this code with anyone for security reasons.,safe,0,Yes,No,Yes,No,No,No,Email,Company
Use OTP 537228 to complete your login attempt at Wells Fargo. Valid for 5 minutes.,safe,0,No,No,Yes,No,No,No,SMS,Bank
Security Alert: Your one-time passcode for GitHub account access is 986567. Never give this code to callers.,safe,0,Yes,No,Yes,No,No,No,SMS,Company
Hi! Your 6-digit verification code for Google sign-in is 507030.,safe,0,No,No,Yes,No,No,No,SMS,Company
Use 577010 as your security pin to authorize transaction on Wells Fargo. Expires in 10 mins.,safe,0,Yes,No,Yes,No,No,No,SMS,Bank
"Your single-use password for Microsoft portal is 720220. If you did not request this, please change your password.",safe,0,No,No,Yes,No,No,No,Email,Company
Your ICICI Bank verification code is 308162. Do not share this code with anyone for security reasons.,safe,0,Yes,No,Yes,No,No,No,SMS,Bank
Use OTP 644267 to complete your login attempt at Google. Valid for 5 minutes.,safe,0,No,No,Yes,No,No,No,SMS,Company
Security Alert: Your one-time passcode for Uber account access is 175682. Never give this code to callers.,safe,0,Yes,No,Yes,No,No,No,Email,Company
Hi! Your 6-digit verification code for Bank of America sign-in is 473782.,safe,0,No,No,Yes,No,No,No,SMS,Bank
Use 893270 as your security pin to authorize transaction on Amazon. Expires in 10 mins.,safe,0,Yes,No,Yes,No,No,No,SMS,Company
"Your single-use password for Amazon portal is 410535. If you did not request this, please change your password.",safe,0,No,No,Yes,No,No,No,Email,Company
Your Chase verification code is 124324. Do not share this code with anyone for security reasons.,safe,0,Yes,No,Yes,No,No,No,Email,Bank
Use OTP 535124 to complete your login attempt at HDFC Bank. Valid for 5 minutes.,safe,0,No,No,Yes,No,No,No,SMS,Bank
Security Alert: Your one-time passcode for Bank of America account access is 678411. Never give this code to callers.,safe,0,Yes,No,Yes,No,No,No,SMS,Bank
Hi! Your 6-digit verification code for ICICI Bank sign-in is 940447.,safe,0,No,No,Yes,No,No,No,SMS,Bank
Use 260576 as your security pin to authorize transaction on LinkedIn. Expires in 10 mins.,safe,0,Yes,No,Yes,No,No,No,SMS,Company
"Your single-use password for Slack portal is 950217. If you did not request this, please change your password.",safe,0,No,No,Yes,No,No,No,Email,Company
Your HDFC Bank verification code is 242611. Do not share this code with anyone for security reasons.,safe,0,Yes,No,Yes,No,No,No,SMS,Bank
Use OTP 912011 to complete your login attempt at WhatsApp. Valid for 5 minutes.,safe,0,No,No,Yes,No,No,No,SMS,Company
Security Alert: Your one-time passcode for GitHub account access is 780295. Never give this code to callers.,safe,0,Yes,No,Yes,No,No,No,Email,Company
Hi! Your 6-digit verification code for Microsoft sign-in is 335973.,safe,0,No,No,Yes,No,No,No,SMS,Company
Use 997542 as your security pin to authorize transaction on WhatsApp. Expires in 10 mins.,safe,0,Yes,No,Yes,No,No,No,SMS,Company
"Your single-use password for Axis Bank portal is 529645. If you did not request this, please change your password.",safe,0,No,No,Yes,No,No,No,SMS,Bank
Your Uber verification code is 696989. Do not share this code with anyone for security reasons.,safe,0,Yes,No,Yes,No,No,No,Email,Company
Use OTP 256680 to complete your login attempt at Amazon. Valid for 5 minutes.,safe,0,No,No,Yes,No,No,No,Email,Company
Security Alert: Your one-time passcode for HDFC Bank account access is 479343. Never give this code to callers.,safe,0,Yes,No,Yes,No,No,No,Email,Bank
Hi! Your 6-digit verification code for Chase sign-in is 589485.,safe,0,No,No,Yes,No,No,No,SMS,Bank
Use 542730 as your security pin to authorize transaction on Wells Fargo. Expires in 10 mins.,safe,0,Yes,No,Yes,No,No,No,Email,Bank
"Your single-use password for Slack portal is 641592. If you did not request this, please change your password.",safe,0,No,No,Yes,No,No,No,Email,Company
Your HDFC Bank verification code is 717924. Do not share this code with anyone for security reasons.,safe,0,Yes,No,Yes,No,No,No,Email,Bank
Use OTP 615334 to complete your login attempt at Chase. Valid for 5 minutes.,safe,0,No,No,Yes,No,No,No,Email,Bank
Security Alert: Your one-time passcode for Axis Bank account access is 442126. Never give this code to callers.,safe,0,Yes,No,Yes,No,No,No,SMS,Bank
Hi! Your 6-digit verification code for Amazon sign-in is 531282.,safe,0,No,No,Yes,No,No,No,SMS,Company
Use 616852 as your security pin to authorize transaction on ICICI Bank. Expires in 10 mins.,safe,0,Yes,No,Yes,No,No,No,Email,Bank
"Your single-use password for Amazon portal is 595407. If you did not request this, please change your password.",safe,0,No,No,Yes,No,No,No,SMS,Company
Your SBI verification code is 121879. Do not share this code with anyone for security reasons.,safe,0,Yes,No,Yes,No,No,No,SMS,Bank
Use OTP 420395 to complete your login attempt at Slack. Valid for 5 minutes.,safe,0,No,No,Yes,No,No,No,Email,Company
Security Alert: Your one-time passcode for Bank of America account access is 471782. Never give this code to callers.,safe,0,Yes,No,Yes,No,No,No,Email,Bank
Hi! Your 6-digit verification code for HDFC Bank sign-in is 106693.,safe,0,No,No,Yes,No,No,No,Email,Bank
Use 451851 as your security pin to authorize transaction on Apple. Expires in 10 mins.,safe,0,Yes,No,Yes,No,No,No,Email,Company
"Your single-use password for LinkedIn portal is 891265. If you did not request this, please change your password.",safe,0,No,No,Yes,No,No,No,Email,Company
Your Citi verification code is 163262. Do not share this code with anyone for security reasons.,safe,0,Yes,No,Yes,No,No,No,SMS,Bank
Use OTP 552500 to complete your login attempt at ICICI Bank. Valid for 5 minutes.,safe,0,No,No,Yes,No,No,No,Email,Bank
Security Alert: Your one-time passcode for Google account access is 876773. Never give this code to callers.,safe,0,Yes,No,Yes,No,No,No,SMS,Company
Hi! Your 6-digit verification code for Amazon sign-in is 415055.,safe,0,No,No,Yes,No,No,No,Email,Company
Use 758912 as your security pin to authorize transaction on Wells Fargo. Expires in 10 mins.,safe,0,Yes,No,Yes,No,No,No,SMS,Bank
"Your single-use password for HDFC Bank portal is 589203. If you did not request this, please change your password.",safe,0,No,No,Yes,No,No,No,Email,Bank
Your Apple verification code is 202393. Do not share this code with anyone for security reasons.,safe,0,Yes,No,Yes,No,No,No,SMS,Company
Use OTP 824121 to complete your login attempt at GitHub. Valid for 5 minutes.,safe,0,No,No,Yes,No,No,No,SMS,Company
Security Alert: Your one-time passcode for Citi account access is 439098. Never give this code to callers.,safe,0,Yes,No,Yes,No,No,No,SMS,Bank
Hi! Your 6-digit verification code for Amazon sign-in is 516834.,safe,0,No,No,Yes,No,No,No,SMS,Company
Use 743049 as your security pin to authorize transaction on Wells Fargo. Expires in 10 mins.,safe,0,Yes,No,Yes,No,No,No,Email,Bank
"Your single-use password for HDFC Bank portal is 963371. If you did not request this, please change your password.",safe,0,No,No,Yes,No,No,No,Email,Bank
Your Axis Bank verification code is 441105. Do not share this code with anyone for security reasons.,safe,0,Yes,No,Yes,No,No,No,SMS,Bank
Use OTP 949608 to complete your login attempt at PayPal. Valid for 5 minutes.,safe,0,No,No,Yes,No,No,No,SMS,Company
Security Alert: Your one-time passcode for Chase account access is 630114. Never give this code to callers.,safe,0,Yes,No,Yes,No,No,No,SMS,Bank
Hi! Your 6-digit verification code for HDFC Bank sign-in is 994217.,safe,0,No,No,Yes,No,No,No,Email,Bank
Use 651507 as your security pin to authorize transaction on LinkedIn. Expires in 10 mins.,safe,0,Yes,No,Yes,No,No,No,Email,Company
"Your single-use password for Citi portal is 665395. If you did not request this, please change your password.",safe,0,No,No,Yes,No,No,No,Email,Bank
Your LinkedIn verification code is 185169. Do not share this code with anyone for security reasons.,safe,0,Yes,No,Yes,No,No,No,SMS,Company
Use OTP 396637 to complete your login attempt at Wells Fargo. Valid for 5 minutes.,safe,0,No,No,Yes,No,No,No,SMS,Bank
Security Alert: Your one-time passcode for PayPal account access is 967077. Never give this code to callers.,safe,0,Yes,No,Yes,No,No,No,Email,Company
Hi! Your 6-digit verification code for WhatsApp sign-in is 290641.,safe,0,No,No,Yes,No,No,No,Email,Company
Use 333397 as your security pin to authorize transaction on Uber. Expires in 10 mins.,safe,0,Yes,No,Yes,No,No,No,Email,Company
"Your single-use password for Microsoft portal is 172049. If you did not request this, please change your password.",safe,0,No,No,Yes,No,No,No,Email,Company
Your Wells Fargo verification code is 854710. Do not share this code with anyone for security reasons.,safe,0,Yes,No,Yes,No,No,No,SMS,Bank
Use OTP 598107 to complete your login attempt at Apple. Valid for 5 minutes.,safe,0,No,No,Yes,No,No,No,SMS,Company
Security Alert: Your one-time passcode for Bank of America account access is 971009. Never give this code to callers.,safe,0,Yes,No,Yes,No,No,No,Email,Bank
Hi! Your 6-digit verification code for LinkedIn sign-in is 989136.,safe,0,No,No,Yes,No,No,No,SMS,Company
Use 128133 as your security pin to authorize transaction on PayPal. Expires in 10 mins.,safe,0,Yes,No,Yes,No,No,No,SMS,Company
"Your single-use password for SBI portal is 890823. If you did not request this, please change your password.",safe,0,No,No,Yes,No,No,No,Email,Bank
Your LinkedIn verification code is 650518. Do not share this code with anyone for security reasons.,safe,0,Yes,No,Yes,No,No,No,Email,Company
Use OTP 778190 to complete your login attempt at Citi. Valid for 5 minutes.,safe,0,No,No,Yes,No,No,No,Email,Bank
Security Alert: Your one-time passcode for SBI account access is 417995. Never give this code to callers.,safe,0,Yes,No,Yes,No,No,No,Email,Bank
Hi! Your 6-digit verification code for GitHub sign-in is 865289.,safe,0,No,No,Yes,No,No,No,Email,Company
Use 876479 as your security pin to authorize transaction on WhatsApp. Expires in 10 mins.,safe,0,Yes,No,Yes,No,No,No,Email,Company
"Your single-use password for Chase portal is 449492. If you did not request this, please change your password.",safe,0,No,No,Yes,No,No,No,Email,Bank
Your recent order with Amazon has been dispatched! Track your package live at https://www.amazon.com/your-orders,safe,0,Yes,No,No,No,No,No,Email,Company
Your monthly account summary from Netflix is now ready for view: https://www.netflix.com/account,safe,0,No,No,No,No,No,No,SMS,Company
Security Notice: New login to your Chase Bank account was recorded. Review activity: https://www.chase.com/statements,safe,0,No,No,No,No,No,No,Email,Bank
Reminder from Income Tax Dept: Your subscription renewal is coming up soon. Manage preferences at https://www.incometax.gov.in/portal,safe,0,Yes,No,No,No,No,No,SMS,Government
Your electronic document from Coursera is ready for download: https://www.coursera.org/learn,safe,0,No,No,No,No,No,No,Email,Company
Important update regarding your service with Zoom. Please read full details here: https://www.zoom.us/j/98120491,safe,0,No,No,No,No,No,No,SMS,Company
Your recent order with Google Workspace has been dispatched! Track your package live at https://www.google.com/drive,safe,0,Yes,No,No,No,No,No,Email,Company
Your monthly account summary from Spotify is now ready for view: https://www.spotify.com/us/account,safe,0,No,No,No,No,No,No,SMS,Company
Security Notice: New login to your Uber account was recorded. Review activity: https://www.uber.com/trips,safe,0,No,No,No,No,No,No,Email,Company
Reminder from Swiggy: Your subscription renewal is coming up soon. Manage preferences at https://www.swiggy.com/orders,safe,0,Yes,No,No,No,No,No,SMS,Company
Your electronic document from Transport Ministry is ready for download: https://www.parivahan.gov.in,safe,0,No,No,No,No,No,No,Email,Government
Important update regarding your service with Apple. Please read full details here: https://www.apple.com/support,safe,0,No,No,No,No,No,No,SMS,Company
Your recent order with GitHub has been dispatched! Track your package live at https://www.github.com/notifications,safe,0,Yes,No,No,No,No,No,Email,Company
Your monthly account summary from PayPal is now ready for view: https://www.paypal.com/activity,safe,0,No,No,No,No,No,No,SMS,Company
Security Notice: New login to your Nike Store account was recorded. Review activity: https://www.store.nike.com/orders,safe,0,No,No,No,No,No,No,Email,Company
Reminder from Amazon: Your subscription renewal is coming up soon. Manage preferences at https://www.amazon.com/your-orders,safe,0,Yes,No,No,No,No,No,SMS,Company
Your electronic document from Netflix is ready for download: https://www.netflix.com/account,safe,0,No,No,No,No,No,No,Email,Company
Important update regarding your service with Chase Bank. Please read full details here: https://www.chase.com/statements,safe,0,No,No,No,No,No,No,SMS,Bank
Your recent order with Income Tax Dept has been dispatched! Track your package live at https://www.incometax.gov.in/portal,safe,0,Yes,No,No,No,No,No,Email,Government
Your monthly account summary from Coursera is now ready for view: https://www.coursera.org/learn,safe,0,No,No,No,No,No,No,SMS,Company
Security Notice: New login to your Zoom account was recorded. Review activity: https://www.zoom.us/j/98120491,safe,0,No,No,No,No,No,No,Email,Company
Reminder from Google Workspace: Your subscription renewal is coming up soon. Manage preferences at https://www.google.com/drive,safe,0,Yes,No,No,No,No,No,SMS,Company
Your electronic document from Spotify is ready for download: https://www.spotify.com/us/account,safe,0,No,No,No,No,No,No,Email,Company
Important update regarding your service with Uber. Please read full details here: https://www.uber.com/trips,safe,0,No,No,No,No,No,No,SMS,Company
Your recent order with Swiggy has been dispatched! Track your package live at https://www.swiggy.com/orders,safe,0,Yes,No,No,No,No,No,Email,Company
Your monthly account summary from Transport Ministry is now ready for view: https://www.parivahan.gov.in,safe,0,No,No,No,No,No,No,SMS,Government
Security Notice: New login to your Apple account was recorded. Review activity: https://www.apple.com/support,safe,0,No,No,No,No,No,No,Email,Company
Reminder from GitHub: Your subscription renewal is coming up soon. Manage preferences at https://www.github.com/notifications,safe,0,Yes,No,No,No,No,No,SMS,Company
Your electronic document from PayPal is ready for download: https://www.paypal.com/activity,safe,0,No,No,No,No,No,No,Email,Company
Important update regarding your service with Nike Store. Please read full details here: https://www.store.nike.com/orders,safe,0,No,No,No,No,No,No,SMS,Company
Your recent order with Amazon has been dispatched! Track your package live at https://www.amazon.com/your-orders (Ref #1121),safe,0,Yes,No,No,No,No,No,Email,Company
Your monthly account summary from Netflix is now ready for view: https://www.netflix.com/account (Ref #1122),safe,0,No,No,No,No,No,No,SMS,Company
Security Notice: New login to your Chase Bank account was recorded. Review activity: https://www.chase.com/statements (Ref #1123),safe,0,No,No,No,No,No,No,Email,Bank
Reminder from Income Tax Dept: Your subscription renewal is coming up soon. Manage preferences at https://www.incometax.gov.in/portal (Ref #1124),safe,0,Yes,No,No,No,No,No,SMS,Government
Your electronic document from Coursera is ready for download: https://www.coursera.org/learn (Ref #1125),safe,0,No,No,No,No,No,No,Email,Company
Important update regarding your service with Zoom. Please read full details here: https://www.zoom.us/j/98120491 (Ref #1126),safe,0,No,No,No,No,No,No,SMS,Company
Your recent order with Google Workspace has been dispatched! Track your package live at https://www.google.com/drive (Ref #1127),safe,0,Yes,No,No,No,No,No,Email,Company
Your monthly account summary from Spotify is now ready for view: https://www.spotify.com/us/account (Ref #1128),safe,0,No,No,No,No,No,No,SMS,Company
Security Notice: New login to your Uber account was recorded. Review activity: https://www.uber.com/trips (Ref #1129),safe,0,No,No,No,No,No,No,Email,Company
Reminder from Swiggy: Your subscription renewal is coming up soon. Manage preferences at https://www.swiggy.com/orders (Ref #1130),safe,0,Yes,No,No,No,No,No,SMS,Company
Your electronic document from Transport Ministry is ready for download: https://www.parivahan.gov.in (Ref #1131),safe,0,No,No,No,No,No,No,Email,Government
Important update regarding your service with Apple. Please read full details here: https://www.apple.com/support (Ref #1132),safe,0,No,No,No,No,No,No,SMS,Company
Your recent order with GitHub has been dispatched! Track your package live at https://www.github.com/notifications (Ref #1133),safe,0,Yes,No,No,No,No,No,Email,Company
Your monthly account summary from PayPal is now ready for view: https://www.paypal.com/activity (Ref #1134),safe,0,No,No,No,No,No,No,SMS,Company
Security Notice: New login to your Nike Store account was recorded. Review activity: https://www.store.nike.com/orders (Ref #1135),safe,0,No,No,No,No,No,No,Email,Company
Reminder from Amazon: Your subscription renewal is coming up soon. Manage preferences at https://www.amazon.com/your-orders (Ref #1136),safe,0,Yes,No,No,No,No,No,SMS,Company
Your electronic document from Netflix is ready for download: https://www.netflix.com/account (Ref #1137),safe,0,No,No,No,No,No,No,Email,Company
Important update regarding your service with Chase Bank. Please read full details here: https://www.chase.com/statements (Ref #1138),safe,0,No,No,No,No,No,No,SMS,Bank
Your recent order with Income Tax Dept has been dispatched! Track your package live at https://www.incometax.gov.in/portal (Ref #1139),safe,0,Yes,No,No,No,No,No,Email,Government
Your monthly account summary from Coursera is now ready for view: https://www.coursera.org/learn (Ref #1140),safe,0,No,No,No,No,No,No,SMS,Company
Security Notice: New login to your Zoom account was recorded. Review activity: https://www.zoom.us/j/98120491 (Ref #1141),safe,0,No,No,No,No,No,No,Email,Company
Reminder from Google Workspace: Your subscription renewal is coming up soon. Manage preferences at https://www.google.com/drive (Ref #1142),safe,0,Yes,No,No,No,No,No,SMS,Company
Your electronic document from Spotify is ready for download: https://www.spotify.com/us/account (Ref #1143),safe,0,No,No,No,No,No,No,Email,Company
Important update regarding your service with Uber. Please read full details here: https://www.uber.com/trips (Ref #1144),safe,0,No,No,No,No,No,No,SMS,Company
Your recent order with Swiggy has been dispatched! Track your package live at https://www.swiggy.com/orders (Ref #1145),safe,0,Yes,No,No,No,No,No,Email,Company
Your monthly account summary from Transport Ministry is now ready for view: https://www.parivahan.gov.in (Ref #1146),safe,0,No,No,No,No,No,No,SMS,Government
Security Notice: New login to your Apple account was recorded. Review activity: https://www.apple.com/support (Ref #1147),safe,0,No,No,No,No,No,No,Email,Company
Reminder from GitHub: Your subscription renewal is coming up soon. Manage preferences at https://www.github.com/notifications (Ref #1148),safe,0,Yes,No,No,No,No,No,SMS,Company
Your electronic document from PayPal is ready for download: https://www.paypal.com/activity (Ref #1149),safe,0,No,No,No,No,No,No,Email,Company
Important update regarding your service with Nike Store. Please read full details here: https://www.store.nike.com/orders (Ref #1150),safe,0,No,No,No,No,No,No,SMS,Company
Your recent order with Amazon has been dispatched! Track your package live at https://www.amazon.com/your-orders (Ref #1151),safe,0,Yes,No,No,No,No,No,Email,Company
Your monthly account summary from Netflix is now ready for view: https://www.netflix.com/account (Ref #1152),safe,0,No,No,No,No,No,No,SMS,Company
Security Notice: New login to your Chase Bank account was recorded. Review activity: https://www.chase.com/statements (Ref #1153),safe,0,No,No,No,No,No,No,Email,Bank
Reminder from Income Tax Dept: Your subscription renewal is coming up soon. Manage preferences at https://www.incometax.gov.in/portal (Ref #1154),safe,0,Yes,No,No,No,No,No,SMS,Government
Your electronic document from Coursera is ready for download: https://www.coursera.org/learn (Ref #1155),safe,0,No,No,No,No,No,No,Email,Company
Important update regarding your service with Zoom. Please read full details here: https://www.zoom.us/j/98120491 (Ref #1156),safe,0,No,No,No,No,No,No,SMS,Company
Your recent order with Google Workspace has been dispatched! Track your package live at https://www.google.com/drive (Ref #1157),safe,0,Yes,No,No,No,No,No,Email,Company
Your monthly account summary from Spotify is now ready for view: https://www.spotify.com/us/account (Ref #1158),safe,0,No,No,No,No,No,No,SMS,Company
Security Notice: New login to your Uber account was recorded. Review activity: https://www.uber.com/trips (Ref #1159),safe,0,No,No,No,No,No,No,Email,Company
Reminder from Swiggy: Your subscription renewal is coming up soon. Manage preferences at https://www.swiggy.com/orders (Ref #1160),safe,0,Yes,No,No,No,No,No,SMS,Company
Your electronic document from Transport Ministry is ready for download: https://www.parivahan.gov.in (Ref #1161),safe,0,No,No,No,No,No,No,Email,Government
Important update regarding your service with Apple. Please read full details here: https://www.apple.com/support (Ref #1162),safe,0,No,No,No,No,No,No,SMS,Company
Your recent order with GitHub has been dispatched! Track your package live at https://www.github.com/notifications (Ref #1163),safe,0,Yes,No,No,No,No,No,Email,Company
Your monthly account summary from PayPal is now ready for view: https://www.paypal.com/activity (Ref #1164),safe,0,No,No,No,No,No,No,SMS,Company
Security Notice: New login to your Nike Store account was recorded. Review activity: https://www.store.nike.com/orders (Ref #1165),safe,0,No,No,No,No,No,No,Email,Company
Reminder from Amazon: Your subscription renewal is coming up soon. Manage preferences at https://www.amazon.com/your-orders (Ref #1166),safe,0,Yes,No,No,No,No,No,SMS,Company
Your electronic document from Netflix is ready for download: https://www.netflix.com/account (Ref #1167),safe,0,No,No,No,No,No,No,Email,Company
Important update regarding your service with Chase Bank. Please read full details here: https://www.chase.com/statements (Ref #1168),safe,0,No,No,No,No,No,No,SMS,Bank
Your recent order with Income Tax Dept has been dispatched! Track your package live at https://www.incometax.gov.in/portal (Ref #1169),safe,0,Yes,No,No,No,No,No,Email,Government
Your monthly account summary from Coursera is now ready for view: https://www.coursera.org/learn (Ref #1170),safe,0,No,No,No,No,No,No,SMS,Company
Security Notice: New login to your Zoom account was recorded. Review activity: https://www.zoom.us/j/98120491 (Ref #1171),safe,0,No,No,No,No,No,No,Email,Company
Reminder from Google Workspace: Your subscription renewal is coming up soon. Manage preferences at https://www.google.com/drive (Ref #1172),safe,0,Yes,No,No,No,No,No,SMS,Company
Your electronic document from Spotify is ready for download: https://www.spotify.com/us/account (Ref #1173),safe,0,No,No,No,No,No,No,Email,Company
Important update regarding your service with Uber. Please read full details here: https://www.uber.com/trips (Ref #1174),safe,0,No,No,No,No,No,No,SMS,Company
Your recent order with Swiggy has been dispatched! Track your package live at https://www.swiggy.com/orders (Ref #1175),safe,0,Yes,No,No,No,No,No,Email,Company
Your monthly account summary from Transport Ministry is now ready for view: https://www.parivahan.gov.in (Ref #1176),safe,0,No,No,No,No,No,No,SMS,Government
Security Notice: New login to your Apple account was recorded. Review activity: https://www.apple.com/support (Ref #1177),safe,0,No,No,No,No,No,No,Email,Company
Reminder from GitHub: Your subscription renewal is coming up soon. Manage preferences at https://www.github.com/notifications (Ref #1178),safe,0,Yes,No,No,No,No,No,SMS,Company
Your electronic document from PayPal is ready for download: https://www.paypal.com/activity (Ref #1179),safe,0,No,No,No,No,No,No,Email,Company
Important update regarding your service with Nike Store. Please read full details here: https://www.store.nike.com/orders (Ref #1180),safe,0,No,No,No,No,No,No,SMS,Company
Your recent order with Amazon has been dispatched! Track your package live at https://www.amazon.com/your-orders (Ref #1181),safe,0,Yes,No,No,No,No,No,Email,Company
Your monthly account summary from Netflix is now ready for view: https://www.netflix.com/account (Ref #1182),safe,0,No,No,No,No,No,No,SMS,Company
Security Notice: New login to your Chase Bank account was recorded. Review activity: https://www.chase.com/statements (Ref #1183),safe,0,No,No,No,No,No,No,Email,Bank
Reminder from Income Tax Dept: Your subscription renewal is coming up soon. Manage preferences at https://www.incometax.gov.in/portal (Ref #1184),safe,0,Yes,No,No,No,No,No,SMS,Government
Your electronic document from Coursera is ready for download: https://www.coursera.org/learn (Ref #1185),safe,0,No,No,No,No,No,No,Email,Company
Important update regarding your service with Zoom. Please read full details here: https://www.zoom.us/j/98120491 (Ref #1186),safe,0,No,No,No,No,No,No,SMS,Company
Your recent order with Google Workspace has been dispatched! Track your package live at https://www.google.com/drive (Ref #1187),safe,0,Yes,No,No,No,No,No,Email,Company
Your monthly account summary from Spotify is now ready for view: https://www.spotify.com/us/account (Ref #1188),safe,0,No,No,No,No,No,No,SMS,Company
Security Notice: New login to your Uber account was recorded. Review activity: https://www.uber.com/trips (Ref #1189),safe,0,No,No,No,No,No,No,Email,Company
Reminder from Swiggy: Your subscription renewal is coming up soon. Manage preferences at https://www.swiggy.com/orders (Ref #1190),safe,0,Yes,No,No,No,No,No,SMS,Company
Your electronic document from Transport Ministry is ready for download: https://www.parivahan.gov.in (Ref #1191),safe,0,No,No,No,No,No,No,Email,Government
Important update regarding your service with Apple. Please read full details here: https://www.apple.com/support (Ref #1192),safe,0,No,No,No,No,No,No,SMS,Company
Your recent order with GitHub has been dispatched! Track your package live at https://www.github.com/notifications (Ref #1193),safe,0,Yes,No,No,No,No,No,Email,Company
Your monthly account summary from PayPal is now ready for view: https://www.paypal.com/activity (Ref #1194),safe,0,No,No,No,No,No,No,SMS,Company
Security Notice: New login to your Nike Store account was recorded. Review activity: https://www.store.nike.com/orders (Ref #1195),safe,0,No,No,No,No,No,No,Email,Company
Reminder from Amazon: Your subscription renewal is coming up soon. Manage preferences at https://www.amazon.com/your-orders (Ref #1196),safe,0,Yes,No,No,No,No,No,SMS,Company
Your electronic document from Netflix is ready for download: https://www.netflix.com/account (Ref #1197),safe,0,No,No,No,No,No,No,Email,Company
Important update regarding your service with Chase Bank. Please read full details here: https://www.chase.com/statements (Ref #1198),safe,0,No,No,No,No,No,No,SMS,Bank
Your recent order with Income Tax Dept has been dispatched! Track your package live at https://www.incometax.gov.in/portal (Ref #1199),safe,0,Yes,No,No,No,No,No,Email,Government
Your monthly account summary from Coursera is now ready for view: https://www.coursera.org/learn (Ref #1200),safe,0,No,No,No,No,No,No,SMS,Company
Security Notice: New login to your Zoom account was recorded. Review activity: https://www.zoom.us/j/98120491 (Ref #1201),safe,0,No,No,No,No,No,No,Email,Company
Reminder from Google Workspace: Your subscription renewal is coming up soon. Manage preferences at https://www.google.com/drive (Ref #1202),safe,0,Yes,No,No,No,No,No,SMS,Company
Your electronic document from Spotify is ready for download: https://www.spotify.com/us/account (Ref #1203),safe,0,No,No,No,No,No,No,Email,Company
Important update regarding your service with Uber. Please read full details here: https://www.uber.com/trips (Ref #1204),safe,0,No,No,No,No,No,No,SMS,Company
Your recent order with Swiggy has been dispatched! Track your package live at https://www.swiggy.com/orders (Ref #1205),safe,0,Yes,No,No,No,No,No,Email,Company
Your monthly account summary from Transport Ministry is now ready for view: https://www.parivahan.gov.in (Ref #1206),safe,0,No,No,No,No,No,No,SMS,Government
Security Notice: New login to your Apple account was recorded. Review activity: https://www.apple.com/support (Ref #1207),safe,0,No,No,No,No,No,No,Email,Company
Reminder from GitHub: Your subscription renewal is coming up soon. Manage preferences at https://www.github.com/notifications (Ref #1208),safe,0,Yes,No,No,No,No,No,SMS,Company
Your electronic document from PayPal is ready for download: https://www.paypal.com/activity (Ref #1209),safe,0,No,No,No,No,No,No,Email,Company
Important update regarding your service with Nike Store. Please read full details here: https://www.store.nike.com/orders (Ref #1210),safe,0,No,No,No,No,No,No,SMS,Company
Your recent order with Amazon has been dispatched! Track your package live at https://www.amazon.com/your-orders (Ref #1211),safe,0,Yes,No,No,No,No,No,Email,Company
Your monthly account summary from Netflix is now ready for view: https://www.netflix.com/account (Ref #1212),safe,0,No,No,No,No,No,No,SMS,Company
Security Notice: New login to your Chase Bank account was recorded. Review activity: https://www.chase.com/statements (Ref #1213),safe,0,No,No,No,No,No,No,Email,Bank
Reminder from Income Tax Dept: Your subscription renewal is coming up soon. Manage preferences at https://www.incometax.gov.in/portal (Ref #1214),safe,0,Yes,No,No,No,No,No,SMS,Government
Your electronic document from Coursera is ready for download: https://www.coursera.org/learn (Ref #1215),safe,0,No,No,No,No,No,No,Email,Company
Important update regarding your service with Zoom. Please read full details here: https://www.zoom.us/j/98120491 (Ref #1216),safe,0,No,No,No,No,No,No,SMS,Company
Your recent order with Google Workspace has been dispatched! Track your package live at https://www.google.com/drive (Ref #1217),safe,0,Yes,No,No,No,No,No,Email,Company
Your monthly account summary from Spotify is now ready for view: https://www.spotify.com/us/account (Ref #1218),safe,0,No,No,No,No,No,No,SMS,Company
Security Notice: New login to your Uber account was recorded. Review activity: https://www.uber.com/trips (Ref #1219),safe,0,No,No,No,No,No,No,Email,Company
Reminder from Swiggy: Your subscription renewal is coming up soon. Manage preferences at https://www.swiggy.com/orders (Ref #1220),safe,0,Yes,No,No,No,No,No,SMS,Company
Your electronic document from Transport Ministry is ready for download: https://www.parivahan.gov.in (Ref #1221),safe,0,No,No,No,No,No,No,Email,Government
Important update regarding your service with Apple. Please read full details here: https://www.apple.com/support (Ref #1222),safe,0,No,No,No,No,No,No,SMS,Company
Your recent order with GitHub has been dispatched! Track your package live at https://www.github.com/notifications (Ref #1223),safe,0,Yes,No,No,No,No,No,Email,Company
Your monthly account summary from PayPal is now ready for view: https://www.paypal.com/activity (Ref #1224),safe,0,No,No,No,No,No,No,SMS,Company
Security Notice: New login to your Nike Store account was recorded. Review activity: https://www.store.nike.com/orders (Ref #1225),safe,0,No,No,No,No,No,No,Email,Company
URGENT: Flight AI-102 gate has been changed to Gate 18. Boarding starts in 15 minutes at Delhi Airport.,safe,0,Yes,No,No,No,No,No,SMS,Company
"Reminder: Doctor appointment with Dr. Mehta tomorrow at 11:30 AM. Reply 1 to Confirm, 2 to Reschedule.",safe,0,Yes,No,No,No,No,No,SMS,Company
Hey! Quick reminder that our team standup is pushed to 4 PM today due to the client call.,safe,0,Yes,No,No,No,No,No,WhatsApp,Individual
Notice: Scheduled maintenance on HDFC NetBanking today from 11 PM to 2 AM IST. Services will be briefly unavailable.,safe,0,Yes,No,No,No,No,No,Email,Bank
Your Swiggy order delivery partner is arriving in 3 mins. Please stay near the door.,safe,0,Yes,No,No,No,No,No,SMS,Company
Urban Company service pro Vijay has been assigned for your AC repair today at 2:00 PM.,safe,0,Yes,No,No,No,No,No,SMS,Company
Bro can you send me the PDF file for yesterday's presentation before the 2 PM meeting?,safe,0,Yes,No,No,No,No,No,WhatsApp,Individual
Reminder: Your municipal water bill payment is due on August 10. Late fees apply after due date.,safe,0,Yes,Yes,No,No,No,No,Email,Government
Alert: USD 45.00 spent on card ending 8812 at Target. Reply NO if this transaction was not authorized by you.,safe,0,Yes,Yes,No,No,No,No,SMS,Bank
"Your train PNR 4810294182 chart has been prepared. Coach S4, Berth 32 (Side Lower).",safe,0,Yes,No,No,No,No,No,SMS,Company
Your car service at Toyota Service Center is complete. Vehicle is ready for pickup before 6 PM today.,safe,0,Yes,No,No,No,No,No,Email,Company
Your Uber driver Rahul is outside in a Silver Dzire (KA01MJ9012). Call driver: +919812098120,safe,0,Yes,No,No,No,No,No,SMS,Company
"Hey mom, my flight just landed! Taking a cab home now, should reach in 45 mins.",safe,0,Yes,No,No,No,No,No,WhatsApp,Individual
Your SBI ATM card ending 4012 has been temporarily locked after 3 incorrect PIN attempts. Visit branch to unlock.,safe,0,Yes,No,No,No,No,No,SMS,Bank
Final Call: Conference registration closes tonight at 11:59 PM. Reserve your seat for TechSummit 2026.,safe,0,Yes,No,No,No,No,No,Email,Company
URGENT: Flight AI-102 gate has been changed to Gate 18. Boarding starts in 15 minutes at Delhi Airport. (Ref #1241),safe,0,Yes,No,No,No,No,No,SMS,Company
"Reminder: Doctor appointment with Dr. Mehta tomorrow at 11:30 AM. Reply 1 to Confirm, 2 to Reschedule. Ref ID #5105",safe,0,Yes,No,No,No,No,No,SMS,Company
Hey! Quick reminder that our team standup is pushed to 4 PM today due to the client call. Ref ID #9371,safe,0,Yes,No,No,No,No,No,WhatsApp,Individual
Notice: Scheduled maintenance on HDFC NetBanking today from 11 PM to 2 AM IST. Services will be briefly unavailable. Ref ID #4260,safe,0,Yes,No,No,No,No,No,Email,Bank
Your Swiggy order delivery partner is arriving in 3 mins. Please stay near the door. Ref ID #2656,safe,0,Yes,No,No,No,No,No,SMS,Company
Urban Company service pro Vijay has been assigned for your AC repair today at 2:00 PM. Ref ID #4050,safe,0,Yes,No,No,No,No,No,SMS,Company
Bro can you send me the PDF file for yesterday's presentation before the 2 PM meeting? Ref ID #8319,safe,0,Yes,No,No,No,No,No,WhatsApp,Individual
Reminder: Your municipal water bill payment is due on August 10. Late fees apply after due date. Ref ID #3613,safe,0,Yes,Yes,No,No,No,No,Email,Government
Alert: USD 45.00 spent on card ending 8812 at Target. Reply NO if this transaction was not authorized by you. Ref ID #8882,safe,0,Yes,Yes,No,No,No,No,SMS,Bank
"Your train PNR 4810294182 chart has been prepared. Coach S4, Berth 32 (Side Lower). Ref ID #5551",safe,0,Yes,No,No,No,No,No,SMS,Company
Your car service at Toyota Service Center is complete. Vehicle is ready for pickup before 6 PM today. Ref ID #1229,safe,0,Yes,No,No,No,No,No,Email,Company
Your Uber driver Rahul is outside in a Silver Dzire (KA01MJ9012). Call driver: +919812098120 Ref ID #3099,safe,0,Yes,No,No,No,No,No,SMS,Company
"Hey mom, my flight just landed! Taking a cab home now, should reach in 45 mins. Ref ID #5222",safe,0,Yes,No,No,No,No,No,WhatsApp,Individual
Your SBI ATM card ending 4012 has been temporarily locked after 3 incorrect PIN attempts. Visit branch to unlock. Ref ID #2266,safe,0,Yes,No,No,No,No,No,SMS,Bank
Final Call: Conference registration closes tonight at 11:59 PM. Reserve your seat for TechSummit 2026. Ref ID #3107,safe,0,Yes,No,No,No,No,No,Email,Company
URGENT: Flight AI-102 gate has been changed to Gate 18. Boarding starts in 15 minutes at Delhi Airport. Ref ID #4448,safe,0,Yes,No,No,No,No,No,SMS,Company
"Reminder: Doctor appointment with Dr. Mehta tomorrow at 11:30 AM. Reply 1 to Confirm, 2 to Reschedule. Ref ID #1645",safe,0,Yes,No,No,No,No,No,SMS,Company
Hey! Quick reminder that our team standup is pushed to 4 PM today due to the client call. Ref ID #9955,safe,0,Yes,No,No,No,No,No,WhatsApp,Individual
Notice: Scheduled maintenance on HDFC NetBanking today from 11 PM to 2 AM IST. Services will be briefly unavailable. Ref ID #7677,safe,0,Yes,No,No,No,No,No,Email,Bank
Your Swiggy order delivery partner is arriving in 3 mins. Please stay near the door. Ref ID #6217,safe,0,Yes,No,No,No,No,No,SMS,Company
Urban Company service pro Vijay has been assigned for your AC repair today at 2:00 PM. Ref ID #8388,safe,0,Yes,No,No,No,No,No,SMS,Company
Bro can you send me the PDF file for yesterday's presentation before the 2 PM meeting? Ref ID #6506,safe,0,Yes,No,No,No,No,No,WhatsApp,Individual
Reminder: Your municipal water bill payment is due on August 10. Late fees apply after due date. Ref ID #5723,safe,0,Yes,Yes,No,No,No,No,Email,Government
Alert: USD 45.00 spent on card ending 8812 at Target. Reply NO if this transaction was not authorized by you. Ref ID #1179,safe,0,Yes,Yes,No,No,No,No,SMS,Bank
"Your train PNR 4810294182 chart has been prepared. Coach S4, Berth 32 (Side Lower). Ref ID #7754",safe,0,Yes,No,No,No,No,No,SMS,Company
Your car service at Toyota Service Center is complete. Vehicle is ready for pickup before 6 PM today. Ref ID #7598,safe,0,Yes,No,No,No,No,No,Email,Company
Your Uber driver Rahul is outside in a Silver Dzire (KA01MJ9012). Call driver: +919812098120 Ref ID #8053,safe,0,Yes,No,No,No,No,No,SMS,Company
"Hey mom, my flight just landed! Taking a cab home now, should reach in 45 mins. Ref ID #7340",safe,0,Yes,No,No,No,No,No,WhatsApp,Individual
Your SBI ATM card ending 4012 has been temporarily locked after 3 incorrect PIN attempts. Visit branch to unlock. Ref ID #5121,safe,0,Yes,No,No,No,No,No,SMS,Bank
Final Call: Conference registration closes tonight at 11:59 PM. Reserve your seat for TechSummit 2026. Ref ID #6262,safe,0,Yes,No,No,No,No,No,Email,Company
URGENT: Flight AI-102 gate has been changed to Gate 18. Boarding starts in 15 minutes at Delhi Airport. Ref ID #5591,safe,0,Yes,No,No,No,No,No,SMS,Company
"Reminder: Doctor appointment with Dr. Mehta tomorrow at 11:30 AM. Reply 1 to Confirm, 2 to Reschedule. Ref ID #3670",safe,0,Yes,No,No,No,No,No,SMS,Company
Hey! Quick reminder that our team standup is pushed to 4 PM today due to the client call. Ref ID #5087,safe,0,Yes,No,No,No,No,No,WhatsApp,Individual
Notice: Scheduled maintenance on HDFC NetBanking today from 11 PM to 2 AM IST. Services will be briefly unavailable. Ref ID #6467,safe,0,Yes,No,No,No,No,No,Email,Bank
Your Swiggy order delivery partner is arriving in 3 mins. Please stay near the door. Ref ID #5904,safe,0,Yes,No,No,No,No,No,SMS,Company
Urban Company service pro Vijay has been assigned for your AC repair today at 2:00 PM. Ref ID #1719,safe,0,Yes,No,No,No,No,No,SMS,Company
Bro can you send me the PDF file for yesterday's presentation before the 2 PM meeting? Ref ID #8470,safe,0,Yes,No,No,No,No,No,WhatsApp,Individual
Reminder: Your municipal water bill payment is due on August 10. Late fees apply after due date. Ref ID #6795,safe,0,Yes,Yes,No,No,No,No,Email,Government
Alert: USD 45.00 spent on card ending 8812 at Target. Reply NO if this transaction was not authorized by you. Ref ID #3558,safe,0,Yes,Yes,No,No,No,No,SMS,Bank
"Your train PNR 4810294182 chart has been prepared. Coach S4, Berth 32 (Side Lower). Ref ID #6205",safe,0,Yes,No,No,No,No,No,SMS,Company
Your car service at Toyota Service Center is complete. Vehicle is ready for pickup before 6 PM today. Ref ID #7489,safe,0,Yes,No,No,No,No,No,Email,Company
Your Uber driver Rahul is outside in a Silver Dzire (KA01MJ9012). Call driver: +919812098120 Ref ID #5738,safe,0,Yes,No,No,No,No,No,SMS,Company
"Hey mom, my flight just landed! Taking a cab home now, should reach in 45 mins. Ref ID #5672",safe,0,Yes,No,No,No,No,No,WhatsApp,Individual
Your SBI ATM card ending 4012 has been temporarily locked after 3 incorrect PIN attempts. Visit branch to unlock. Ref ID #7666,safe,0,Yes,No,No,No,No,No,SMS,Bank
Final Call: Conference registration closes tonight at 11:59 PM. Reserve your seat for TechSummit 2026. Ref ID #1138,safe,0,Yes,No,No,No,No,No,Email,Company
URGENT: Flight AI-102 gate has been changed to Gate 18. Boarding starts in 15 minutes at Delhi Airport. Ref ID #3459,safe,0,Yes,No,No,No,No,No,SMS,Company
"Reminder: Doctor appointment with Dr. Mehta tomorrow at 11:30 AM. Reply 1 to Confirm, 2 to Reschedule. Ref ID #2141",safe,0,Yes,No,No,No,No,No,SMS,Company
Hey! Quick reminder that our team standup is pushed to 4 PM today due to the client call. Ref ID #9634,safe,0,Yes,No,No,No,No,No,WhatsApp,Individual
Notice: Scheduled maintenance on HDFC NetBanking today from 11 PM to 2 AM IST. Services will be briefly unavailable. Ref ID #2612,safe,0,Yes,No,No,No,No,No,Email,Bank
Your Swiggy order delivery partner is arriving in 3 mins. Please stay near the door. Ref ID #1774,safe,0,Yes,No,No,No,No,No,SMS,Company
Urban Company service pro Vijay has been assigned for your AC repair today at 2:00 PM. Ref ID #5395,safe,0,Yes,No,No,No,No,No,SMS,Company
Bro can you send me the PDF file for yesterday's presentation before the 2 PM meeting? Ref ID #3088,safe,0,Yes,No,No,No,No,No,WhatsApp,Individual
Reminder: Your municipal water bill payment is due on August 10. Late fees apply after due date. Ref ID #1104,safe,0,Yes,Yes,No,No,No,No,Email,Government
Alert: USD 45.00 spent on card ending 8812 at Target. Reply NO if this transaction was not authorized by you. Ref ID #8626,safe,0,Yes,Yes,No,No,No,No,SMS,Bank
"Your train PNR 4810294182 chart has been prepared. Coach S4, Berth 32 (Side Lower). Ref ID #9361",safe,0,Yes,No,No,No,No,No,SMS,Company
Your car service at Toyota Service Center is complete. Vehicle is ready for pickup before 6 PM today. Ref ID #5599,safe,0,Yes,No,No,No,No,No,Email,Company
Your Uber driver Rahul is outside in a Silver Dzire (KA01MJ9012). Call driver: +919812098120 Ref ID #5719,safe,0,Yes,No,No,No,No,No,SMS,Company
"Hey mom, my flight just landed! Taking a cab home now, should reach in 45 mins. Ref ID #3818",safe,0,Yes,No,No,No,No,No,WhatsApp,Individual
Your SBI ATM card ending 4012 has been temporarily locked after 3 incorrect PIN attempts. Visit branch to unlock. Ref ID #1492,safe,0,Yes,No,No,No,No,No,SMS,Bank
Final Call: Conference registration closes tonight at 11:59 PM. Reserve your seat for TechSummit 2026. Ref ID #2270,safe,0,Yes,No,No,No,No,No,Email,Company
URGENT: Flight AI-102 gate has been changed to Gate 18. Boarding starts in 15 minutes at Delhi Airport. Ref ID #7744,safe,0,Yes,No,No,No,No,No,SMS,Company
"Reminder: Doctor appointment with Dr. Mehta tomorrow at 11:30 AM. Reply 1 to Confirm, 2 to Reschedule. Ref ID #4066",safe,0,Yes,No,No,No,No,No,SMS,Company
Hey! Quick reminder that our team standup is pushed to 4 PM today due to the client call. Ref ID #4269,safe,0,Yes,No,No,No,No,No,WhatsApp,Individual
Notice: Scheduled maintenance on HDFC NetBanking today from 11 PM to 2 AM IST. Services will be briefly unavailable. Ref ID #5412,safe,0,Yes,No,No,No,No,No,Email,Bank
Your Swiggy order delivery partner is arriving in 3 mins. Please stay near the door. Ref ID #6256,safe,0,Yes,No,No,No,No,No,SMS,Company
Urban Company service pro Vijay has been assigned for your AC repair today at 2:00 PM. Ref ID #7935,safe,0,Yes,No,No,No,No,No,SMS,Company
Bro can you send me the PDF file for yesterday's presentation before the 2 PM meeting? Ref ID #4360,safe,0,Yes,No,No,No,No,No,WhatsApp,Individual
Reminder: Your municipal water bill payment is due on August 10. Late fees apply after due date. Ref ID #2875,safe,0,Yes,Yes,No,No,No,No,Email,Government
Alert: USD 45.00 spent on card ending 8812 at Target. Reply NO if this transaction was not authorized by you. Ref ID #6510,safe,0,Yes,Yes,No,No,No,No,SMS,Bank
"Your train PNR 4810294182 chart has been prepared. Coach S4, Berth 32 (Side Lower). Ref ID #4026",safe,0,Yes,No,No,No,No,No,SMS,Company
Your car service at Toyota Service Center is complete. Vehicle is ready for pickup before 6 PM today. Ref ID #7244,safe,0,Yes,No,No,No,No,No,Email,Company
Your Uber driver Rahul is outside in a Silver Dzire (KA01MJ9012). Call driver: +919812098120 Ref ID #6084,safe,0,Yes,No,No,No,No,No,SMS,Company
"Hey mom, my flight just landed! Taking a cab home now, should reach in 45 mins. Ref ID #1952",safe,0,Yes,No,No,No,No,No,WhatsApp,Individual
Your SBI ATM card ending 4012 has been temporarily locked after 3 incorrect PIN attempts. Visit branch to unlock. Ref ID #1550,safe,0,Yes,No,No,No,No,No,SMS,Bank
Final Call: Conference registration closes tonight at 11:59 PM. Reserve your seat for TechSummit 2026. Ref ID #8064,safe,0,Yes,No,No,No,No,No,Email,Company
URGENT: Flight AI-102 gate has been changed to Gate 18. Boarding starts in 15 minutes at Delhi Airport. Ref ID #9996,safe,0,Yes,No,No,No,No,No,SMS,Company
"Reminder: Doctor appointment with Dr. Mehta tomorrow at 11:30 AM. Reply 1 to Confirm, 2 to Reschedule. Ref ID #3671",safe,0,Yes,No,No,No,No,No,SMS,Company
Hey! Quick reminder that our team standup is pushed to 4 PM today due to the client call. Ref ID #7142,safe,0,Yes,No,No,No,No,No,WhatsApp,Individual
Notice: Scheduled maintenance on HDFC NetBanking today from 11 PM to 2 AM IST. Services will be briefly unavailable. Ref ID #7873,safe,0,Yes,No,No,No,No,No,Email,Bank
Your Swiggy order delivery partner is arriving in 3 mins. Please stay near the door. Ref ID #2542,safe,0,Yes,No,No,No,No,No,SMS,Company
Urban Company service pro Vijay has been assigned for your AC repair today at 2:00 PM. Ref ID #8326,safe,0,Yes,No,No,No,No,No,SMS,Company
Bro can you send me the PDF file for yesterday's presentation before the 2 PM meeting? Ref ID #6555,safe,0,Yes,No,No,No,No,No,WhatsApp,Individual
Reminder: Your municipal water bill payment is due on August 10. Late fees apply after due date. Ref ID #9555,safe,0,Yes,Yes,No,No,No,No,Email,Government
Alert: USD 45.00 spent on card ending 8812 at Target. Reply NO if this transaction was not authorized by you. Ref ID #5399,safe,0,Yes,Yes,No,No,No,No,SMS,Bank
"Your train PNR 4810294182 chart has been prepared. Coach S4, Berth 32 (Side Lower). Ref ID #7034",safe,0,Yes,No,No,No,No,No,SMS,Company
Your car service at Toyota Service Center is complete. Vehicle is ready for pickup before 6 PM today. Ref ID #8450,safe,0,Yes,No,No,No,No,No,Email,Company
Your Uber driver Rahul is outside in a Silver Dzire (KA01MJ9012). Call driver: +919812098120 Ref ID #7842,safe,0,Yes,No,No,No,No,No,SMS,Company
"Hey mom, my flight just landed! Taking a cab home now, should reach in 45 mins. Ref ID #1125",safe,0,Yes,No,No,No,No,No,WhatsApp,Individual
Your SBI ATM card ending 4012 has been temporarily locked after 3 incorrect PIN attempts. Visit branch to unlock. Ref ID #7341,safe,0,Yes,No,No,No,No,No,SMS,Bank
Final Call: Conference registration closes tonight at 11:59 PM. Reserve your seat for TechSummit 2026. Ref ID #7129,safe,0,Yes,No,No,No,No,No,Email,Company
URGENT: Flight AI-102 gate has been changed to Gate 18. Boarding starts in 15 minutes at Delhi Airport. Ref ID #4325,safe,0,Yes,No,No,No,No,No,SMS,Company
"Reminder: Doctor appointment with Dr. Mehta tomorrow at 11:30 AM. Reply 1 to Confirm, 2 to Reschedule. Ref ID #9585",safe,0,Yes,No,No,No,No,No,SMS,Company
Hey! Quick reminder that our team standup is pushed to 4 PM today due to the client call. Ref ID #5314,safe,0,Yes,No,No,No,No,No,WhatsApp,Individual
Notice: Scheduled maintenance on HDFC NetBanking today from 11 PM to 2 AM IST. Services will be briefly unavailable. Ref ID #8817,safe,0,Yes,No,No,No,No,No,Email,Bank
Your Swiggy order delivery partner is arriving in 3 mins. Please stay near the door. Ref ID #1516,safe,0,Yes,No,No,No,No,No,SMS,Company
Urban Company service pro Vijay has been assigned for your AC repair today at 2:00 PM. Ref ID #9576,safe,0,Yes,No,No,No,No,No,SMS,Company
Bro can you send me the PDF file for yesterday's presentation before the 2 PM meeting? Ref ID #2572,safe,0,Yes,No,No,No,No,No,WhatsApp,Individual
Reminder: Your municipal water bill payment is due on August 10. Late fees apply after due date. Ref ID #6171,safe,0,Yes,Yes,No,No,No,No,Email,Government
Alert: USD 45.00 spent on card ending 8812 at Target. Reply NO if this transaction was not authorized by you. Ref ID #9996,safe,0,Yes,Yes,No,No,No,No,SMS,Bank
"Your train PNR 4810294182 chart has been prepared. Coach S4, Berth 32 (Side Lower). Ref ID #7581",safe,0,Yes,No,No,No,No,No,SMS,Company
Your car service at Toyota Service Center is complete. Vehicle is ready for pickup before 6 PM today. Ref ID #6497,safe,0,Yes,No,No,No,No,No,Email,Company
Your Uber driver Rahul is outside in a Silver Dzire (KA01MJ9012). Call driver: +919812098120 Ref ID #8657,safe,0,Yes,No,No,No,No,No,SMS,Company
"Hey mom, my flight just landed! Taking a cab home now, should reach in 45 mins. Ref ID #4669",safe,0,Yes,No,No,No,No,No,WhatsApp,Individual
Your SBI ATM card ending 4012 has been temporarily locked after 3 incorrect PIN attempts. Visit branch to unlock. Ref ID #5965,safe,0,Yes,No,No,No,No,No,SMS,Bank
Final Call: Conference registration closes tonight at 11:59 PM. Reserve your seat for TechSummit 2026. Ref ID #3677,safe,0,Yes,No,No,No,No,No,Email,Company
URGENT: Flight AI-102 gate has been changed to Gate 18. Boarding starts in 15 minutes at Delhi Airport. Ref ID #5900,safe,0,Yes,No,No,No,No,No,SMS,Company
"Reminder: Doctor appointment with Dr. Mehta tomorrow at 11:30 AM. Reply 1 to Confirm, 2 to Reschedule. Ref ID #9335",safe,0,Yes,No,No,No,No,No,SMS,Company
Hey! Quick reminder that our team standup is pushed to 4 PM today due to the client call. Ref ID #8002,safe,0,Yes,No,No,No,No,No,WhatsApp,Individual
Notice: Scheduled maintenance on HDFC NetBanking today from 11 PM to 2 AM IST. Services will be briefly unavailable. Ref ID #8678,safe,0,Yes,No,No,No,No,No,Email,Bank
Your Swiggy order delivery partner is arriving in 3 mins. Please stay near the door. Ref ID #3773,safe,0,Yes,No,No,No,No,No,SMS,Company
Urban Company service pro Vijay has been assigned for your AC repair today at 2:00 PM. Ref ID #5548,safe,0,Yes,No,No,No,No,No,SMS,Company
Bro can you send me the PDF file for yesterday's presentation before the 2 PM meeting? Ref ID #7462,safe,0,Yes,No,No,No,No,No,WhatsApp,Individual
Reminder: Your municipal water bill payment is due on August 10. Late fees apply after due date. Ref ID #5257,safe,0,Yes,Yes,No,No,No,No,Email,Government
Alert: USD 45.00 spent on card ending 8812 at Target. Reply NO if this transaction was not authorized by you. Ref ID #3769,safe,0,Yes,Yes,No,No,No,No,SMS,Bank
"Your train PNR 4810294182 chart has been prepared. Coach S4, Berth 32 (Side Lower). Ref ID #6721",safe,0,Yes,No,No,No,No,No,SMS,Company
Your car service at Toyota Service Center is complete. Vehicle is ready for pickup before 6 PM today. Ref ID #6269,safe,0,Yes,No,No,No,No,No,Email,Company
Your Uber driver Rahul is outside in a Silver Dzire (KA01MJ9012). Call driver: +919812098120 Ref ID #5464,safe,0,Yes,No,No,No,No,No,SMS,Company
"Hey mom, my flight just landed! Taking a cab home now, should reach in 45 mins. Ref ID #8081",safe,0,Yes,No,No,No,No,No,WhatsApp,Individual
Your SBI ATM card ending 4012 has been temporarily locked after 3 incorrect PIN attempts. Visit branch to unlock. Ref ID #1939,safe,0,Yes,No,No,No,No,No,SMS,Bank
Final Call: Conference registration closes tonight at 11:59 PM. Reserve your seat for TechSummit 2026. Ref ID #3935,safe,0,Yes,No,No,No,No,No,Email,Company
"Hey man, did you see the football match last night? What a goal in stoppage time!! ⚽🔥",safe,0,No,No,No,No,No,No,WhatsApp,Individual
Thanks for inviting us over for dinner yesterday! Everything was delicious 😋,safe,0,No,No,No,No,No,No,WhatsApp,Individual
"Hey, can u lend me $20 for petrol? I will Venmo u back as soon as I get home!",safe,0,Yes,Yes,No,No,No,No,WhatsApp,Individual
Happy Birthday Alex!! Hope you have a wonderful year ahead filled with happiness 🥳🎂,safe,0,No,No,No,No,No,No,SMS,Individual
"Dear Valued Customer, thank you for contacting Zendesk Support. Ticket #88410 has been resolved.",safe,0,No,No,No,No,No,No,Email,Company
"Dear SBI Customer, as per regulations, please update your periodic KYC by visiting your home branch.",safe,0,No,No,Yes,No,No,No,SMS,Bank
"Hi Sarah, thanks for attending the interview today! We will get back to you with feedback by Friday.",safe,0,No,No,No,No,No,No,Email,Company
"Don't forget to buy grocery items on ur way home from office. Need bread, milk, and eggs!",safe,0,No,No,No,No,No,No,WhatsApp,Individual
Your monthly broadband bill of Rs. 799 for account 9012849 is generated. Due date: 15-Aug-2026.,safe,0,No,Yes,No,No,No,No,SMS,Company
Confirmation: Your appointment at Passport Seva Kendra is confirmed for 12-Aug-2026 at 10:15 AM.,safe,0,No,No,No,No,No,No,Email,Government
"Hey bro, are we still going for hiking this Sunday morning? Let me know the plan.",safe,0,No,No,No,No,No,No,WhatsApp,Individual
"Salary Credited: Your ICICI account XX4910 credited with Rs 65,000.00 via NEFT.",safe,0,No,No,No,No,No,No,SMS,Bank
Your Kindle ebook purchase confirmation. Order #402-981204-123. Total: $9.99.,safe,0,No,No,No,No,No,No,Email,Company
Good morning team! Please review the attached slide deck before our 11 AM client presentation.,safe,0,No,No,No,No,No,No,WhatsApp,Individual
Your prescription from CVS Pharmacy #4821 is ready for pickup. Hours today: 8 AM - 9 PM.,safe,0,No,No,No,No,No,No,SMS,Company
"Hey man, did you see the football match last night? What a goal in stoppage time!! ⚽🔥 [15]",safe,0,No,No,No,No,No,No,WhatsApp,Individual
Thanks for inviting us over for dinner yesterday! Everything was delicious 😋 [16],safe,0,No,No,No,No,No,No,WhatsApp,Individual
"Hey, can u lend me $20 for petrol? I will Venmo u back as soon as I get home! [17]",safe,0,Yes,Yes,No,No,No,No,WhatsApp,Individual
Happy Birthday Alex!! Hope you have a wonderful year ahead filled with happiness 🥳🎂 [18],safe,0,No,No,No,No,No,No,SMS,Individual
"Dear Valued Customer, thank you for contacting Zendesk Support. Ticket #88410 has been resolved. [19]",safe,0,No,No,No,No,No,No,Email,Company
"Dear SBI Customer, as per regulations, please update your periodic KYC by visiting your home branch. [20]",safe,0,No,No,Yes,No,No,No,SMS,Bank
"Hi Sarah, thanks for attending the interview today! We will get back to you with feedback by Friday. [21]",safe,0,No,No,No,No,No,No,Email,Company
"Don't forget to buy grocery items on ur way home from office. Need bread, milk, and eggs! [22]",safe,0,No,No,No,No,No,No,WhatsApp,Individual
Your monthly broadband bill of Rs. 799 for account 9012849 is generated. Due date: 15-Aug-2026. [23],safe,0,No,Yes,No,No,No,No,SMS,Company
Confirmation: Your appointment at Passport Seva Kendra is confirmed for 12-Aug-2026 at 10:15 AM. [24],safe,0,No,No,No,No,No,No,Email,Government
"Hey bro, are we still going for hiking this Sunday morning? Let me know the plan. [25]",safe,0,No,No,No,No,No,No,WhatsApp,Individual
"Salary Credited: Your ICICI account XX4910 credited with Rs 65,000.00 via NEFT. [26]",safe,0,No,No,No,No,No,No,SMS,Bank
Your Kindle ebook purchase confirmation. Order #402-981204-123. Total: $9.99. [27],safe,0,No,No,No,No,No,No,Email,Company
Good morning team! Please review the attached slide deck before our 11 AM client presentation. [28],safe,0,No,No,No,No,No,No,WhatsApp,Individual
Your prescription from CVS Pharmacy #4821 is ready for pickup. Hours today: 8 AM - 9 PM. [29],safe,0,No,No,No,No,No,No,SMS,Company
"Hey man, did you see the football match last night? What a goal in stoppage time!! ⚽🔥 [30]",safe,0,No,No,No,No,No,No,WhatsApp,Individual
Thanks for inviting us over for dinner yesterday! Everything was delicious 😋 [31],safe,0,No,No,No,No,No,No,WhatsApp,Individual
"Hey, can u lend me $20 for petrol? I will Venmo u back as soon as I get home! [32]",safe,0,Yes,Yes,No,No,No,No,WhatsApp,Individual
Happy Birthday Alex!! Hope you have a wonderful year ahead filled with happiness 🥳🎂 [33],safe,0,No,No,No,No,No,No,SMS,Individual
"Dear Valued Customer, thank you for contacting Zendesk Support. Ticket #88410 has been resolved. [34]",safe,0,No,No,No,No,No,No,Email,Company
"Dear SBI Customer, as per regulations, please update your periodic KYC by visiting your home branch. [35]",safe,0,No,No,Yes,No,No,No,SMS,Bank
"Hi Sarah, thanks for attending the interview today! We will get back to you with feedback by Friday. [36]",safe,0,No,No,No,No,No,No,Email,Company
"Don't forget to buy grocery items on ur way home from office. Need bread, milk, and eggs! [37]",safe,0,No,No,No,No,No,No,WhatsApp,Individual
Your monthly broadband bill of Rs. 799 for account 9012849 is generated. Due date: 15-Aug-2026. [38],safe,0,No,Yes,No,No,No,No,SMS,Company
Confirmation: Your appointment at Passport Seva Kendra is confirmed for 12-Aug-2026 at 10:15 AM. [39],safe,0,No,No,No,No,No,No,Email,Government
"Hey bro, are we still going for hiking this Sunday morning? Let me know the plan. [40]",safe,0,No,No,No,No,No,No,WhatsApp,Individual
"Salary Credited: Your ICICI account XX4910 credited with Rs 65,000.00 via NEFT. [41]",safe,0,No,No,No,No,No,No,SMS,Bank
Your Kindle ebook purchase confirmation. Order #402-981204-123. Total: $9.99. [42],safe,0,No,No,No,No,No,No,Email,Company
Good morning team! Please review the attached slide deck before our 11 AM client presentation. [43],safe,0,No,No,No,No,No,No,WhatsApp,Individual
Your prescription from CVS Pharmacy #4821 is ready for pickup. Hours today: 8 AM - 9 PM. [44],safe,0,No,No,No,No,No,No,SMS,Company
"Hey man, did you see the football match last night? What a goal in stoppage time!! ⚽🔥 [45]",safe,0,No,No,No,No,No,No,WhatsApp,Individual
Thanks for inviting us over for dinner yesterday! Everything was delicious 😋 [46],safe,0,No,No,No,No,No,No,WhatsApp,Individual
"Hey, can u lend me $20 for petrol? I will Venmo u back as soon as I get home! [47]",safe,0,Yes,Yes,No,No,No,No,WhatsApp,Individual
Happy Birthday Alex!! Hope you have a wonderful year ahead filled with happiness 🥳🎂 [48],safe,0,No,No,No,No,No,No,SMS,Individual
"Dear Valued Customer, thank you for contacting Zendesk Support. Ticket #88410 has been resolved. [49]",safe,0,No,No,No,No,No,No,Email,Company
"Dear SBI Customer, as per regulations, please update your periodic KYC by visiting your home branch. [50]",safe,0,No,No,Yes,No,No,No,SMS,Bank
"Hi Sarah, thanks for attending the interview today! We will get back to you with feedback by Friday. [51]",safe,0,No,No,No,No,No,No,Email,Company
"Don't forget to buy grocery items on ur way home from office. Need bread, milk, and eggs! [52]",safe,0,No,No,No,No,No,No,WhatsApp,Individual
Your monthly broadband bill of Rs. 799 for account 9012849 is generated. Due date: 15-Aug-2026. [53],safe,0,No,Yes,No,No,No,No,SMS,Company
Confirmation: Your appointment at Passport Seva Kendra is confirmed for 12-Aug-2026 at 10:15 AM. [54],safe,0,No,No,No,No,No,No,Email,Government
"Hey bro, are we still going for hiking this Sunday morning? Let me know the plan. [55]",safe,0,No,No,No,No,No,No,WhatsApp,Individual
"Salary Credited: Your ICICI account XX4910 credited with Rs 65,000.00 via NEFT. [56]",safe,0,No,No,No,No,No,No,SMS,Bank
Your Kindle ebook purchase confirmation. Order #402-981204-123. Total: $9.99. [57],safe,0,No,No,No,No,No,No,Email,Company
Good morning team! Please review the attached slide deck before our 11 AM client presentation. [58],safe,0,No,No,No,No,No,No,WhatsApp,Individual
Your prescription from CVS Pharmacy #4821 is ready for pickup. Hours today: 8 AM - 9 PM. [59],safe,0,No,No,No,No,No,No,SMS,Company
"Hey man, did you see the football match last night? What a goal in stoppage time!! ⚽🔥 [60]",safe,0,No,No,No,No,No,No,WhatsApp,Individual
Thanks for inviting us over for dinner yesterday! Everything was delicious 😋 [61],safe,0,No,No,No,No,No,No,WhatsApp,Individual
"Hey, can u lend me $20 for petrol? I will Venmo u back as soon as I get home! [62]",safe,0,Yes,Yes,No,No,No,No,WhatsApp,Individual
Happy Birthday Alex!! Hope you have a wonderful year ahead filled with happiness 🥳🎂 [63],safe,0,No,No,No,No,No,No,SMS,Individual
"Dear Valued Customer, thank you for contacting Zendesk Support. Ticket #88410 has been resolved. [64]",safe,0,No,No,No,No,No,No,Email,Company
"Dear SBI Customer, as per regulations, please update your periodic KYC by visiting your home branch. [65]",safe,0,No,No,Yes,No,No,No,SMS,Bank
"Hi Sarah, thanks for attending the interview today! We will get back to you with feedback by Friday. [66]",safe,0,No,No,No,No,No,No,Email,Company
"Don't forget to buy grocery items on ur way home from office. Need bread, milk, and eggs! [67]",safe,0,No,No,No,No,No,No,WhatsApp,Individual
Your monthly broadband bill of Rs. 799 for account 9012849 is generated. Due date: 15-Aug-2026. [68],safe,0,No,Yes,No,No,No,No,SMS,Company
Confirmation: Your appointment at Passport Seva Kendra is confirmed for 12-Aug-2026 at 10:15 AM. [69],safe,0,No,No,No,No,No,No,Email,Government
"Hey bro, are we still going for hiking this Sunday morning? Let me know the plan. [70]",safe,0,No,No,No,No,No,No,WhatsApp,Individual
"Salary Credited: Your ICICI account XX4910 credited with Rs 65,000.00 via NEFT. [71]",safe,0,No,No,No,No,No,No,SMS,Bank
Your Kindle ebook purchase confirmation. Order #402-981204-123. Total: $9.99. [72],safe,0,No,No,No,No,No,No,Email,Company
Good morning team! Please review the attached slide deck before our 11 AM client presentation. [73],safe,0,No,No,No,No,No,No,WhatsApp,Individual
Your prescription from CVS Pharmacy #4821 is ready for pickup. Hours today: 8 AM - 9 PM. [74],safe,0,No,No,No,No,No,No,SMS,Company
"Hey man, did you see the football match last night? What a goal in stoppage time!! ⚽🔥 [75]",safe,0,No,No,No,No,No,No,WhatsApp,Individual
Thanks for inviting us over for dinner yesterday! Everything was delicious 😋 [76],safe,0,No,No,No,No,No,No,WhatsApp,Individual
"Hey, can u lend me $20 for petrol? I will Venmo u back as soon as I get home! [77]",safe,0,Yes,Yes,No,No,No,No,WhatsApp,Individual
Happy Birthday Alex!! Hope you have a wonderful year ahead filled with happiness 🥳🎂 [78],safe,0,No,No,No,No,No,No,SMS,Individual
"Dear Valued Customer, thank you for contacting Zendesk Support. Ticket #88410 has been resolved. [79]",safe,0,No,No,No,No,No,No,Email,Company
"Dear SBI Customer, as per regulations, please update your periodic KYC by visiting your home branch. [80]",safe,0,No,No,Yes,No,No,No,SMS,Bank
"Hi Sarah, thanks for attending the interview today! We will get back to you with feedback by Friday. [81]",safe,0,No,No,No,No,No,No,Email,Company
"Don't forget to buy grocery items on ur way home from office. Need bread, milk, and eggs! [82]",safe,0,No,No,No,No,No,No,WhatsApp,Individual
Your monthly broadband bill of Rs. 799 for account 9012849 is generated. Due date: 15-Aug-2026. [83],safe,0,No,Yes,No,No,No,No,SMS,Company
Confirmation: Your appointment at Passport Seva Kendra is confirmed for 12-Aug-2026 at 10:15 AM. [84],safe,0,No,No,No,No,No,No,Email,Government
"Hey bro, are we still going for hiking this Sunday morning? Let me know the plan. [85]",safe,0,No,No,No,No,No,No,WhatsApp,Individual
"Salary Credited: Your ICICI account XX4910 credited with Rs 65,000.00 via NEFT. [86]",safe,0,No,No,No,No,No,No,SMS,Bank
Your Kindle ebook purchase confirmation. Order #402-981204-123. Total: $9.99. [87],safe,0,No,No,No,No,No,No,Email,Company
Good morning team! Please review the attached slide deck before our 11 AM client presentation. [88],safe,0,No,No,No,No,No,No,WhatsApp,Individual
Your prescription from CVS Pharmacy #4821 is ready for pickup. Hours today: 8 AM - 9 PM. [89],safe,0,No,No,No,No,No,No,SMS,Company
